"titulo","enlace_columna","fechas","dia","mes","year","cuerpo"
"Inflación","https://fundacionsol.cl/blog/actualidad-1/post/inflacion-6846",2022-05-20,20,5,2022,"
            
Publicada en El Desconcierto el 20 de mayo de 2022.Por María José Azócar, investigadora de Fundación SOL.Imagen: Agencia Uno.
Contener la inflación sólo con alzas de la tasa de interés poco sirve para hacer frente a la multitud de factores que están en juego y que, como se plantea en esta columna, se podrían relacionar con la excesiva concentración de poder de ciertas empresas.

La ciencia nunca es neutra. Preguntas políticas siempre guían la creación de conocimiento. Por ejemplo, durante muchos años se creó ciencia para testear la hipótesis de si acaso las mujeres tienen menos inteligencia que los hombres. Cada parte del cuerpo de las mujeres, especialmente de mujeres racializadas, fue violentado, desmenuzado y analizado en nombre del progreso científico. Lo que nos dice este ejemplo es que supuestos normativos (“los hombres son biológicamente más inteligentes que las mujeres”) siempre están detrás de las preguntas de investigación y las relaciones de poder siempre definen la forma cómo se valida la ciencia (en nuestro ejemplo, las relaciones de género condicionan que una comunidad científica avale preguntas de investigación machistas).
Comprender el carácter político de la ciencia no implica, sin embargo, renunciar a la búsqueda de la “verdad” de las cosas. Implica, más bien, internalizar un mínimo grado de humildad para entender que nuestra perspectiva es situada, que cada cual tiene sesgos en las preguntas que se hace y que para iluminar las distintas y complejas capas de la realidad es necesario incorporar la visión de otras personas que piensan distinto.
Entonces, con el ánimo de abrir un debate democrático, interdisciplinario e informado sobre las causas de la inflación en Chile, en esta columna proponemos poner al centro otras preguntas. En particular el impacto que tendría sobre la inflación el excesivo poder de las grandes empresas en el país (tema que, desde la Fundación SOL, ya lo habíamos comentado aquí).
Siguiendo los manuales de economía, la inflación (es decir, el alza de precios de productos y servicios) se explica por factores del lado de la demanda y del lado de la oferta.
Del lado de la demanda, se podría considerar la entrega (a destiempo) del ingreso familiar de emergencia (IFE) y el retiro del 10% de los fondos de pensiones de trabajadores como factores que impactaron en el alza de la inflación en Chile. Desde esta perspectiva, más dinero en las manos de trabajadores ha generado más demanda y esta mayor demanda no ha podido ser contenida por quienes ofertan, provocando un aumento de los precios. Organizaciones, como el Banco Central, han enfatizado varias veces el peso de los retiros del 10% para explicarnos la variación en la inflación.
Por el lado de la oferta, hay tres elementos a considerar: cambios en el mercado laboral, interrupción en la cadena de distribución de bienes y el excesivo poder de las grandes empresas.
Cuando trabajadores tienen mejores salarios, las empresas ganan menos utilidades (porque gastan más en pagar salarios). Si las empresas deciden subir los precios de los bienes, manteniendo constantes sus utilidades, entonces las empresas lo que han hecho es traspasar el “costo” de pagar mejores salarios al precio de los productos. Por otro lado, cuando las cadenas de distribución sufren interrupciones, a las empresas se les hace más caro producir bienes y aquí de nuevo, se corre el riesgo de traspasar esos costos a los precios de los productos. Esta segunda explicación ha sido la que usualmente se ha considerado en estos tiempos de pandemia (y de guerra). Por ejemplo, la pandemia trajo un aumento en los precios del petróleo y forzó a suspender las operaciones de los puertos. Esto implicó que la producción de bienes se hiciera más cara y que se ofertara menos, generando un desbalance entre la oferta y la demanda, y provocando un aumento de precios de los productos.
Una tercera explicación que ha tenido menos presencia en el debate público en Chile, pero que ha sido largamente discutida en otros países, tiene que ver con el excesivo poder de compra de las grandes empresas. Para más información sobre la discusión internacional ver esta nota del Economic Policy Institute y este artículo del Levy Economics Institute of Bard College.
El argumento es que, contrario a lo que dicen los manuales de “Introducción a la Economía” de primer año, los precios de los bienes no están siempre determinados por la oferta y la demanda, sino que por relaciones de poder. En este caso, el poder que tienen las grandes empresas para fijar un precio (poder que, a su vez, depende de la competencia que existe en el sector donde se desempeñan las empresas).
Por ejemplo, si hay pocas empresas ofertando gas en Chile, entonces hay más riesgo de aprovechamiento de las ventajas que da la concentración para aumentar los precios del gas y así obtener más márgenes de utilidad. Desde esta perspectiva, la inflación en Chile se explicaría por las ventajas acumuladas que han tenido algunas empresas en el país. Si se considera esta posibilidad como pregunta de investigación, lo que sigue es investigar en el corto y mediano plazo (por ejemplo, de aquí a cinco años) si en sectores de alta concentración han aumentado excesivamente las utilidades vía aumento de los precios de los productos; controlando dicho efecto por otras variables que puedan haber impactado también el alza (por ejemplo, las interrupciones que ha provocado la pandemia en las cadenas de distribución).
Es importante decir que abrir el debate a otras preguntas de investigación no sólo es relevante para conocer la “verdad” de las causas de la inflación, sino también porque nos da pistas sobre su posible solución.
En otras palabras, contener la inflación sólo con alzas de la tasa de interés poco sirve para hacer frente a la multitud de factores que están en juego y que, como hemos visto en esta columna, se podrían relacionar con la excesiva concentración de poder de ciertas empresas.

Visto así, abrir el debate sobre las causas de la inflación nos invita a pensar en otras preguntas políticas, incorporar otras miradas de la economía e imaginar políticas públicas algo más creativas que las de los manuales de primer año de economía.
        "
"Salario mínimo y justicia de género","https://fundacionsol.cl/blog/actualidad-1/post/salario-minimo-y-justicia-de-genero-6843",2022-05-05,5,5,2022,"
            
Publicada en CNN Chile el 5 de mayo de 2022.Por María José Azócar, investigadora de Fundación SOL.Imagen: Agencia Uno.
La investigadora de la Fundación SOL reflexiona sobre el modelo de desarrollo, la economía chilena y la propuesta del Gobierno para aumentar el sueldo mínimo. En ese sentido, asegura que ""implementar una política de salarios mínimos es importante por dos motivos. Primero, sirve como un mecanismo de justicia de clase (...) Segundo, el salario mínimo es un mecanismo de justicia de género"".
Desde los años ’70, el modelo de ‘desarrollo’ en Chile se ha anclado en cuatro apuestas: financiarización de la economía, promoción de una industria exportadora extractivista, debilitamiento de la organización sindical y robo de salarios de la clase trabajadora. En esta columna, nos referiremos al último punto y explicaremos por qué implementar una política de mediano plazo (de aquí a tres años) en materia de salario mínimo es un asunto de justicia de clase y de género.
En Chile, y en otros países del mundo, la desigualdad ha aumentado a niveles prácticamente equivalentes a los de principios del siglo XX. Una de las razones de este aumento viene dada por la diferencia entre el aumento de la productividad y la disminución de los salarios. Hoy se produce más y más rápido que décadas anteriores, pero los salarios de la clase trabajadora están estancados o en fase de decrecimiento. En palabras simples, la desigualdad de hoy se explica en parte por el robo de salarios.
Por ejemplo, entre los años 1990 y 2022, la variación real del salario mínimo en nuestro país, es decir, variación corregida por la inflación, no ha superado el 3% promedio. Al mismo tiempo, la economía ha crecido y como consecuencia, unos pocos se han beneficiado de este crecimiento. Esto llega al punto de que hoy el 10% con más riqueza acumula el 80,4% de la riqueza.
Siguiendo las discusiones de los últimos días, el Gobierno reajustará el salario mínimo bruto de $350 mil a $380 mil y en unos meses más a $400 mil. Estos reajustes siguen la tendencia de hace tres décadas. No implican un aumento sustantivo. De hecho, un salario bruto de $400 mil hoy equivale a $324 mil líquidos, cifra que ni siquiera logra cubrir la línea de la pobreza para un hogar de tres personas, monto que equivale a $419.641.
La genialidad de los gobiernos de la Concertación -por usar un término generoso- para contener la crisis estructural que implica el expolio de los salarios fue hacer transferencias directas a los hogares. Gracias a estas transferencias, los índices de pobreza en el país han ido decreciendo en los últimos años. Pero es importante enfatizar que, a pesar de las transferencias hechas, la crisis estructural que provoca el actual nivel de salarios se mantiene.
Por ejemplo, cuando se hace el ejercicio de medir la pobreza considerando sólo los ingresos vía salarios o por pensiones autofinanciadas (sin incluir las transferencias directas del Estado ni otros elementos), la pobreza en 2020 hubiese sido de un 39,9% y no de un 10,8% como lo indicó la cifra oficial, lo anterior fue ampliamente investigado en el estudio de la Fundación SOL, La pobreza del modelo chileno (2021). Es decir, cuatro de cada 10 personas estarían en una situación de pobreza en Chile si sólo hubiese dependido del valor de su trabajo.
Implementar una política de salarios mínimos es importante por dos motivos. Primero, sirve como un mecanismo de justicia de clase. En teoría, el salario mínimo debería asegurar a los hogares un piso para que las personas puedan mantenerse materialmente. Es una garantía de acceso a la ciudadanía. Además, sirve como mecanismo de redistribución. De acuerdo con la analogía de la navegación, el salario mínimo opera como un ‘faro’ que ilumina la ruta, y como consecuencia sirve como referencia para fijar los reajustes de salarios del resto de la clase trabajadora.
Segundo, el salario mínimo es un mecanismo de justicia de género. Las mujeres ganan el salario mínimo en mayor proporción que los hombres y, durante estos años, se han llevado los golpes más duros de la pandemia. Por ejemplo, si sólo se consideran los ingresos del trabajo y pensiones contributivas para medir la pobreza, en el año 2020 un 55,8% de las mujeres jefas de hogares monomarentales (hogares donde sólo vive la madre con su grupo familiar, sin el padre) estarían en una situación de pobreza.
Desde la Fundación SOL desarrollamos la propuesta Reajuste del Salario Mínimo (2022) la cual, entre otras cosas, considera un sistema de apoyo estatal a las micro y pequeñas empresas. Es una propuesta que, contrario a lo que se ha hecho en estos últimos 30 años, propone un plan que fija una meta concreta (el año 2025) para que la política del salario mínimo haga lo que tiene que hacer: garantizar un piso para que los hogares puedan vivir y no estén en una situación de pobreza. Y como hemos revisado aquí, esta propuesta también fija una meta para que sectores históricamente marginalizados de nuestra sociedad (por ejemplo, las mujeres) cuenten con el mínimo para vivir una vida digna. Con esto, es una propuesta que hace una intervención directa a cómo se ha definido el concepto de ‘desarrollo’ desde hace cincuenta años en Chile.
        "
"¿5 horas menos de trabajo son suficientes?","https://fundacionsol.cl/blog/actualidad-1/post/5-horas-menos-de-trabajo-son-suficientes-6841",2022-07-18,18,7,2022,"
            
Publicada en El Desconcierto el 4 de mayo de 2022.Por Francisca Barriga y Andrea Sato, investigadoras de Fundación SOL.Imagen: Agencia Uno.
En Chile, de las 8 horas que se trabaja remuneradamente, 5 horas van en beneficio del capital y sólo 3 van a salarios. El país no sólo tiene niveles de desigualdad muy profundos: también cuenta con mecanismos de expolio al trabajo que han mantenido y aumentado la concentración de la riqueza en pocas manos.
La reducción de la jornada horaria de trabajo remunerado ha sido una reivindicación del movimiento obrero y popular desde sus inicios. La clásica demanda de 8 horas de trabajo, 8 horas de ocio y 8 horas de descanso que se conmemora cada 1 de mayo desde 1886 nunca ha sido cumplida, especialmente para las mujeres que están muy alejadas de trabajar solo 8 horas. En esta línea, es fundamental comprender cómo esta demanda histórica del movimiento de trabajadores/as sigue siendo central y urgente en un escenario de crisis estructural del sistema de acumulación capitalista.
Es importante mencionar que, a pesar de que la lucha por la reducción de la jornada de trabajo en la mayoría del mundo tuvo efectos positivos y su resultado fue la construcción de una legislación laboral que regulara las horas de trabajo remunerado, en la mayoría de los países no se han realizado cambios significativos para reducir las jornadas desde el siglo XIX. Sí, hace más de 100 años.
El sostenido aumento de la productividad en Chile -medida como el Producto Interno Bruto (PIB) con relación a las horas trabajadas- y el mundo, que responde principalmente a los avances técnicos, ha permitido que los/as trabajadoras puedan producir la misma cantidad de mercancías en cada vez menor tiempo. Sin embargo, esto no ha significado mejoras en las condiciones de vida de los trabajadores y trabajadoras, ya que no han aumentado sus ingresos en proporción al aumento de la productividad y tampoco ha disminuido el tiempo de trabajo remunerado de la clase asalariada.
El aumento de la productividad en estos más de 100 años podría haber significado una reducción significativa en la jornada laboral para la clase trabajadora, especialmente para las mujeres, o bien, el aumento de los salarios de trabajadoras/es. Pero esto no ha sucedido, principalmente porque la clase capitalista se ha apropiado de la mayor parte de las ganancias (de la riqueza) que produce la clase obrera [1].
En Chile, de las 8 horas que se trabaja remuneradamente, 5 horas van en beneficio del capital y sólo 3 van a salarios. El país no sólo tiene niveles de desigualdad muy profundos: también cuenta con mecanismos de expolio al trabajo que han mantenido y aumentado la concentración de la riqueza en pocas manos.
Dentro de las propuestas del nuevo gobierno está la de reducción de jornada laboral a 40 horas, pero ¿son suficientes 5 horas de reducción de jornada?
Chile es uno de los países de la OCDE que tiene una jornada laboral más extensa. Además, al ampliar el debate e incluir la Carga Global de Trabajo (CGT) que contiene las horas de trabajo remunerado y no remunerado (como las tareas domésticas y de cuidados), se observa que en Chile hay un grave problema de Pobreza de Tiempo. En el estudio de Fundación SOL “Pobreza de tiempo, desigualdad y reproducción del capital” [2], para poder dimensionar el uso del tiempo principalmente de las mujeres se trazó una “Línea de la Pobreza de Tiempo” fijada en una jornada y media legal en Chile, es decir, 67,5 horas de trabajo semanal.
Esto quiere decir que si una persona trabaja -remunerada y/o no remuneradamente- más de 67,5 horas a la semana, sería una persona pobre de tiempo. En particular, para el caso chileno se establecen necesarias 8 horas diarias para dormir, 1 hora al día para actividades de cuidado personal (considerando actividades de limpieza, aseo, vestirse, entre otros), 2 horas diarias de transporte y las 9,5 horas semanales de ocio (propuestas por Clair Vickery, en 1977) la semana dispondría de máximo 67,5 horas para trabajos remunerados y no remunerados.
Al establecer este indicador los resultados son desalentadores. Según Carga Global de Trabajo, el 53% de las mujeres que trabajan remunerada y no remuneradamente se encuentran en Pobreza de Tiempo y, para el caso de los hombres, el 36% sería pobre de tiempo; o sea, más del 50% de las mujeres en Chile no tiene el tiempo suficiente para descansar o realizar tareas de autocuidado.
Si trasladamos este indicador sólo para las personas que trabajan remuneradamente 45 horas el escenario, se vuelve más complejo para las mujeres ya que el 59% de ellas son pobres de tiempo. Si establecemos el mismo índice para las mujeres que trabajan 40 horas remuneradamente, casi el 50% de ellas sigue siendo pobre de tiempo. ¿Es suficiente reducir en 5 horas la jornada laboral? Aunque las mujeres trabajaran sólo 5 horas en el ámbito “productivo”, el 10% de ellas seguirían siendo pobres de tiempo por la magnitud de trabajo doméstico y de cuidados que se deben realizar todo el día, todos los días.
Pese a que avanzar en la reducción de la jornada laboral es una buena iniciativa, y este momento parece el más adecuado para su concreción (este proyecto fue encabezado desde 2017 por la entonces diputada Camila Vallejo, actual ministra de la Secretaria General de Gobierno), es fundamental observar dos condiciones: la tasa de ganancia del capital en las últimas décadas y el Uso del Tiempo de las personas; las políticas que quiere impulsar este gobierno deben tener una perspectiva de suficiencia y redistribución real.
Es urgente desplazar el enfoque del tiempo basado en el mercado a uno que permita un buen vivir y ponga en el centro los “tiempos generadores de la reproducción” evidenciando que hay una transferencia de costes de la esfera productiva hacia la reproductiva no remunerada, y un beneficio económico capitalista en términos de utilización del trabajo gratuito de las mujeres en el sostenimiento de la vida, una apropiación del capital del plusvalor de todos y todas las trabajadoras y un exceso de horas dedicadas al mercado que van en beneficio de la propia acumulación.
La socialización de los cuidados, la recuperación de horas para el descanso, el ocio y la comunidad, además de disminuir las tasas de explotación del capital, son tareas urgentes para recuperar el valor del trabajo. La organización del tiempo social que ha sido dictada por el mercado se basa en la apropiación del trabajo de los y las trabajadoras, principalmente de las mujeres, transgrediendo todos los límites de los ciclos vitales.
La tarea es recuperar lo históricamente arrebatado a los y las trabajadoras, para construir horizontes del buen vivir.
        "
"La urgencia de una reforma estructural al sistema de pensiones chileno","https://fundacionsol.cl/blog/actualidad-1/post/la-urgencia-de-una-reforma-estructural-al-sistema-de-pensiones-chileno-6834",2022-07-18,18,7,2022,"
            
Publicada en El Mostrador el 21 de abril de 2022.Por María José Azócar, investigadora de Fundación SOL.
El actual modelo de pensiones en Chile se sustenta en dos lógicas: la privatización de la seguridad social y la financiarización de la economía. La propuesta de reforma al sistema de pensiones de la Coordinadora Nacional de Trabajadoras y Trabajadores NO+AFP hace un llamado a transformar ambas lógicas. En esta columna, explicamos por qué es importante que la previsión social se considere un bien público y por qué es necesario desfinanciarizar los fondos de pensiones.
A fines de los años 70, en medio de una crisis económica global, comenzó una oleada privatizadora de bienes públicos en el mundo occidental. Áreas que habían sido provisionadas por el Estado –por ejemplo, salud y pensiones– comenzaron a privatizarse bajo el argumento de que era necesario liberar al Estado de esos gastos y que el mercado iba a ser mucho más eficiente en la administración de esos servicios. Fue este mismo discurso el que se utilizó en el año 1981 para privatizar la previsión social en Chile y que se siguió utilizando después del año 1990 para mantener el sistema de capitalización individual.
Luego de cuarenta años de implementación de un sistema privado de pensiones, sabemos que el Estado chileno no se “liberó” de hacer gastos. El Estado pagó una cara transición entre un sistema de reparto y de capitalización individual. Además, ha tenido que subsidiar los bajos montos de pensiones de la gran mayoría de quienes se jubilan. Como lo han demostrado décadas de investigación feminista antirracista, la privatización de bienes públicos siempre impacta a grupos sociales históricamente marginalizados, reproduciendo nuevas formas interconectadas de violencia. De ahí que, en el área de pensiones, de los 30 países que privatizaron la seguridad social en los últimos años, ya van 18 que han revertido esta decisión.
Sabemos también que la industria de las AFP no ha sido especialmente eficiente. El mercado de las AFP es poco competitivo y está concentrado, cuestión que no solo impacta en los altos costos de comisión que deben pagar trabajadores, sino también en la legítima pregunta respecto a si acaso no es mejor tener al Estado haciendo la gestión que hoy hacen estas empresas privadas.
A finales de los años 70, además de la oleada privatizadora, se inició una nueva etapa financiarizada del capitalismo. El mercado financiero es un espacio en donde se compran y venden “promesas” de pago. Por ejemplo, una persona promete que pagará mes a mes un dividendo hipotecario por 30 años y una empresa le presta dinero a esa persona bajo esta promesa de pago. En el mercado financiero se agrupan todas esas promesas y préstamos individuales para intercambiarlos a escala global. Las empresas que se dedican a gestionar esos intercambios son las que más ganan dinero en este proceso, puesto que cobran una comisión por los rendimientos que genera el flujo del dinero.
Lo peculiar de este sistema financiarizado de la economía es que el movimiento del capital da retornos mucho más rápidos que las inversiones que se realizan en la economía “real” o no financiarizada. La contracara de estas ganancias rápidas es que se le pierde la pista a quién está detrás de los movimientos e inversiones. Por ejemplo, podría ser que un grupo de trabajadores muy progresistas de Canadá se organice para que empresas financieras les manejen sus fondos de pensiones y que estos fondos terminen invirtiéndose en empresas que privatizan el agua en Chile. Como las reglas globales de la arquitectura financiera son opacas, estos trabajadores no tienen cómo controlar dónde van a parar cada uno de los movimientos que se hacen de sus fondos de pensiones en el mercado financiero.
Cuando se examina en qué se han invertido los fondos de pensiones de la clase trabajadora en Chile, una buena parte de estos fondos (52,4% del total) se invierten en instituciones que operan en Chile y benefician a personas que pertenecen a los grandes grupos económicos del país (¿AFP para quién?, Fundación SOL, 2020). Además, la mayor parte de la inversión de las AFP se orienta a actividades extractivistas de alto impacto (un 75,5% del total de las inversiones en empresas que operan en Chile) (Inversión de las AFP en las empresas extractivistas y de alto impacto ambiental, Fundación SOL, 2020). En otras palabras, la financiarización de los fondos de pensiones ha contribuido a la concentración de la riqueza en Chile al favorecer a un grupo específico de redes familiares y económicas, y ha terminado en manos de empresas que contaminan la naturaleza y precarizan la vida de comunidades (y generaciones futuras) que no tienen la influencia suficiente para enfrentar el poder de estas empresas.
La reforma al sistema de pensiones propuesta por la Coordinadora NO+AFP realiza cuatro importantes intervenciones.
Primero, define la previsión social como un bien público que debe ser administrado por el Estado y propone el derecho a una pensión universal equivalente al salario mínimo para todas las personas, sin distinción.
Segundo, es una propuesta que no separa la vida productiva de la “no productiva”, pues considera que para la reproducción de la vida son muchas las actividades que se realizan en la sociedad, incluidas las labores de cuidado y las labores que no se monetarizan.
Tercero, es una propuesta que garantiza un monto de pensión específico a aquellas personas que han tenido la oportunidad de cotizar.
Finalmente, es una reforma que propone desfinanciarizar gradualmente los fondos de pensiones para reinvertirlos en proyectos locales, de largo plazo, que impacten la economía real de las comunidades y que se guíen por criterios de justicia social y ambiental.

Tomadas en su conjunto, estas cuatro intervenciones apuestan ahora y de frente, sin letra chica, a resolver la urgente necesidad de redistribuir la riqueza en Chile.

        "
"Trabajadores y acción sindical: el debate al margen en la Convención","https://fundacionsol.cl/blog/actualidad-1/post/trabajadores-y-accion-sindical-el-debate-al-margen-en-la-convencion-6832",2022-07-18,18,7,2022,"Publicada en Radio Universidad de Chile el 19 de abril de 2022.Por Valentina Doniez, investigadora de Fundación SOL. 

La semana antepasada, en dos jornadas maratónicas de la Comisión de Derechos Fundamentales de la Convención Constitucional, se aprobaron varios artículos sobre los denominados derechos sociales y económicos. Se trata de demandas centrales para la transformación del país: educación, salud, vivienda, trabajo, pensiones y agua. Más específicamente, se habló de los derechos colectivos en el trabajo: sindicalización, negociación colectiva, huelga y participación en la empresa.

Entre la cantidad de temas que se están tratando paralelamente, estos últimos no han tenido tanta atención mediática como como los debates sobre plurinacionalidad, justicia indígena, propiedad, segunda cámara o la forzada disputa sobre incluir una indicación que asegure que los fondos de pensiones son de los y las trabajadoras. De esta forma, se está perdiendo una oportunidad para visibilizar la centralidad del trabajo y lo fundamental que significa la garantía de actuar colectivamente para los y las trabajadoras. Porque no se trata de un tema más dentro de un gran listado, sino que de transformar los equilibrios de poder en la economía y saldar una deuda histórica que ya suma casi 50 años.

Hoy en día no caben muchas dudas de que el proyecto neoliberal instaurado por la dictadura cívico-militar se benefició enormemente de la transformación radical del modelo sindical del Plan Laboral. Fomentó el paralelismo sindical, encerró al sindicato en la empresa dejándolo incapacitado para negociar y recurrir a la huelga. Estos elementos fueron restando potencia, primero con la violencia de la dictadura y luego con el desdén de los gobiernos democráticos, al proyecto histórico que los y las trabajadoras habían construido durante el siglo XX y que les había permitido lograr grandes conquistas. En cierta medida, la ampliación del voto en los años 50, el fin de la “Ley Maldita” y el incremento de la sindicalización y la negociación colectiva, fueron demandas de la clase trabajadora. El sindicato era un actor central de la democracia.

A pesar de la deuda y el escaso debate público sobre materias sindicales, en la Convención surgieron múltiples proyectos al respecto. Al menos 18 iniciativas se presentaron sobre derechos colectivos en el trabajo desde los distintos grupos políticos, dando cuenta de la fragmentación preexistente.

En línea con lo planteado por la Constitución de 1980, algunos los colectivos defendieron la “libertad de contratación”, además de mantener la actividad sindical a nivel de la empresa. La iniciativa firmada por convencionales como Marcela Cubillos y Teresa Marinovic, fue la más notoria en parafrasear a la Constitución dictatorial. También incorporaron innovaciones como el concepto de “huelga pacífica”, una nueva forma de volverla inoperante.

Desde la otra vereda, si bien cada proyecto tenía ciertos énfasis y particularidades, en general compartían una visión común que defendía la autonomía de las organizaciones sindicales para organizarse y definir su plan de acción, la titularidad sindical en la negociación, el reconocimiento de distintos niveles de negociación, la autonomía para fijar los objetivos de la huelga y la imposibilidad de prohibirla para ningún colectivo de trabajadores, principalmente. Se marginan de estos derechos a las Fuerzas Armadas y de Orden, y no así a los trabajadores del sector público, como actualmente ocurre.

Finalmente, luego de que varios proyectos fueran retirados de su discusión, se aprobó la Norma N°682 presentada por convencionales del Frente Amplio, Independientes por una Nueva Constitución y el Colectivo Socialista por 19 votos contra 13. Se trata de uno de los proyectos más breves, que incorpora varios principios que permitirían fortalecer la acción sindical autónoma, pero también deja espacios para su mejoramiento.

Un primer aspecto por mejorar tiene que ver con la exclusividad de la titularidad sindical en el caso de la huelga. Si bien se podría plantear la deseabilidad de que los sindicatos abarquen la mayoría de los espacios laborales y lideren los procesos colectivos, hoy la brecha es demasiado grande. Sólo en un 6,3% de las empresas de 5 o más trabajadores/as existe o ha existido sindicato. A diferencia del derecho de negociación colectiva, que funciona de manera más estructurada y se debilita con el paralelismo de otros colectivos como los grupos negociadores, la huelga es una herramienta de resistencia y de contrapeso que debiera pertenecer a los y las trabajadoras directamente.

En segundo lugar, se echa de menos la incorporación de un párrafo que establezca claramente garantías y protección legal contra las acciones antisindicales, especialmente para los y las representantes del sindicato. En un país con una cultura antisindical tan arraigada como Chile, donde en las empresas con sindicato el 42% de los y las dirigentes afirman que se enfrentan a estas prácticas, convendría darle rango constitucional. Junto con esto, y quizás también en otras comisiones de la Convención, es importante relevar la existencia de un organismo Estatal autónomo que garantice el cumplimiento de las normas laborales y un procedimiento sumario para tratar las vulneraciones a los derechos fundamentales en el trabajo, como estos.

Por último, entendiendo las falencias y debilidades acumuladas en términos de negociación colectiva en Chile, donde menos de 1 de cada 10 trabajadores está cubierto por instrumentos colectivos, cabe el espacio para reforzar a nivel constitucional acciones promocionales y/o derechos preferentes de los sindicatos. En este sentido, se podría incluir la obligación del Estado de promover la negociación de nivel Inter-empresa, ramal o nacional (por ejemplo, en el caso del Salario Mínimo), la persistencia de las cláusulas de los instrumentos colectivos más allá de la fecha de caducidad (conocida como ultraactividad) y el derecho de información de la situación financiera de la empresa.

Si bien estas discusiones tienen aristas que involucran la técnica jurídica, también es cierto que debemos ampliar las audiencias y no eludir las implicancias políticas que tiene la construcción de un nuevo sistema de relaciones laborales. Por esta razón Fundación SOL se encuentra desarrollando la campaña Tu Trabajo Vale la cual, a través de materiales como videos cortos y cartillas de educación popular, busca potenciar la defensa y el ejercicio de los derechos de sindicalización, negociación colectiva, huelga y participación en la empresa. Además, desde la historia, la experiencia comparada y preguntas cotidianas, espera aportar a la transformación de la actual cultura laboral impuesta que margina la acción colectiva de los y las trabajadoras.

Urge ser enfáticos en la defensa de los derechos colectivos en el trabajo por al menos 3 motivos: son buenos para el desarrollo de la democracia, forman parte de una tradición internacional de derechos humanos a la cual nuestro país adscribe y porque, si se despliegan de manera adecuada, son la mejor garantía para disminuir la vergonzosa desigualdad de ingresos y mejorar los salarios.

Es tiempo de pasar a la ofensiva: sindicato para organizarse, negociación colectiva para mejorar las condiciones de trabajo y huelga para equilibrar el poder en la economía.

"
"Crisis de cuidados: producir lo necesario, redistribuirlo todo","https://fundacionsol.cl/blog/actualidad-1/post/crisis-de-cuidados-producir-lo-necesario-redistribuirlo-todo-6822",2022-07-18,18,7,2022,"
            

Publicada en El Mostrador el 14 de marzo de 2022.Por Andrea Sato, investigadora de Fundación SOL.Imagen: Coop57.

La Crisis de los Cuidados es evidente e involucra a todas las personas, es una crisis sistémica, va en escalada y es urgente de enfrentar, toca a todos los hogares y enfrenta las contradicciones más antiguas dentro de este modelo de acumulación: el capital versus la vida. Los feminismos, especialmente los feminismos de clase, han sido claves para que en los últimos años se debatiera intensamente sobre los limites de la visión de la economía neoclásica en torno a los mercados. La insistencia ideológica de estas corrientes de poner el foco en las actividades monetizadas y en los procesos de acumulación capitalista, excluyendo todas las otras actividades que habilitan la mal llamada esfera “productiva” de la economía, son parte de un relato que se ha insistido en desmontar. Estas lecturas ortodoxas invitan a ver el mercado como una esfera independiente de la economía e invisibiliza los entramados que permiten la reproducción del propio capital. Ámbitos como los hogares y los trabajos que ahí se realizan son ignorados para darle relevancia a “lo productivo”. Esto deja de lado el profundo vínculo entre los cuidados, la economía de mercado y la reproducción de la vida, creando una separación ficticia entre lo público y lo privado, en la cual lo íntimo, el hogar, los procesos de reproducción vital son considerados secundarios.

Amplia bibliografía, especialmente desde la segunda ola del feminismo, ha establecido estos lazos que unen el mercado “visible” con el trabajo no remunerado e invisibilizado de las mujeres dentro de los hogares. La fragilidad en este aparente equilibrio entre lo que sucede dentro de los hogares y los mercados es el nudo central de lo que se ha denominado la Crisis de los Cuidados, entendida como la agudización de las dificultades de amplios sectores de la población —especialmente los más empobrecidos— para cuidarse, cuidar o ser cuidados. La raíz de esta crisis es la profundización de un modelo de expolio que utiliza las fuerzas vitales —remuneradas y no remuneradas— para garantizar la acumulación del Capital. El modelo de acumulación capitalista ha profundizado la división sexual del trabajo y busca que los hogares absorban la crisis del capital mediante la sobre explotación del trabajo doméstico y de cuidado. Este es un síntoma y resultado de las tensiones y contradicciones que impone el capitalismo sobre como organizar la vida publica y privada, entre lo íntimo y lo externo, entre lo “productivo” y “reproductivo” y, por último, entre la satisfacción de las necesidades de todo ser viviente y la generación de beneficio económico para unos pocos. Las contradicciones del modelo de acumulación son evidentes y ha tocado límites sin precedentes.

La imposibilidad de cuidar o ser cuidado, engloba diversas dimensiones. La primera y más evidente es que no podemos cuidarnos si no hay ingresos suficientes y si todos los derechos están mercantilizados. La segunda es que el cuidado es un derecho y debe ser garantizado, por tanto, gestionado de forma comunitaria. Por último, surge el debate sobre el trabajo socialmente necesario: ¿Cuánto tiempo producimos? ¿Qué producimos? ¿Qué valor le otorgamos? Son preguntas claves para cambiar radicalmente el paradigma de acumulación y centrarnos en los procesos vitales de la tierra y de los seres vivos.

En este período de crisis sistémica, agravada por la pandemia, es urgente visibilizar la insostenibilidad de la organización “tradicional” del cuidado que ha descansado en los últimos siglos sobre los hombros de mujeres, principalmente madres y trabajadoras migrantes racializadas. También es necesario evidenciar la naturaleza parasitaria del trabajo “productivo” sobre el trabajo “reproductivo”. La economía “real” depende de un trabajo invisible, no remunerado y supuestamente altruista que sostiene todos los ciclos de reproducción, por lo que la relegación de las mujeres de las esferas publicas tiene un objetivo político, que es sostener la supervivencia del mismo sistema económico.

En Chile, la crisis de los cuidados y la sobreexplotación del trabajo doméstico y de cuidados se puede evidenciar fácilmente en la desigualdad en torno al uso del tiempo. Al analizar los datos de la Encuesta Nacional de Uso de Tiempo (ENUT) se observa, según Carga Global de Trabajo, que el 53% de las mujeres que trabajan remunerada y no remuneradamente se encuentra en pobreza de tiempo, lo cual implica que no tienen el tiempo suficiente para descansar, realizar actividades de autocuidado y ocio. Al poner el foco en las mujeres madres, la diferencia en el uso del tiempo es abismante, por ejemplo, si se observan solo las actividades de Trabajo No Remunerado (TNR), las mujeres que no tienen hijas(os), en promedio, dedican 24,3 horas semanales a labores domésticas y de cuidado, en cambio las mujeres madres dedican 55,7 horas en TNR, lo cual significa 31,4 horas semanales de diferencia. El capital como modelo de depredación avanza sobre los cuerpos, los territorios y los tiempos de las mujeres para garantizar la acumulación.

La crisis de lo cuidados es multidimensional y, por tanto, es necesario y urgente que las perspectivas para crear propuestas se complementen. Por ejemplo, la división sexual del trabajo impacta directamente en cómo se reparten las tareas de cuidados dentro de los hogares, pero las soluciones no solo son a nivel de hogares o a través acuerdos individuales en el espacio privado, sino que deben estar engarzadas con las comunidades, los hogares y el Estado. Es urgente visibilizar la relación parasitaria que existe entre lo “privado“ y lo “público”, y enfrentarla con propuestas antisistémicas que releguen la centralidad del mercado y prioricen los cuidados y los tiempos que ellos requieren.

La crisis de los cuidados se enfrenta con políticas públicas y también con gestión comunitaria, con propuestas radicales que desmonten la alianza criminal del patriarcado y el capital. Priorizar los ingresos suficientes para los cuidados, garantizar derechos sociales y establecer los cuidados como eje principal de las vidas es urgente. Trabajar menos, trabajar todos(as), producir solo lo necesario, redistribuir todo.
        "
"En este 8 de marzo, abajo el capitalismo","https://fundacionsol.cl/blog/actualidad-1/post/en-este-8-de-marzo-abajo-el-capitalismo-6819",2022-07-18,18,7,2022,"Por María José Azócar, investigadora de la Fundación SOL.Publicada en El Desconcierto el 6 de marzo 2022.



(Imagen: Agencia Uno)




Los movimientos feministas en Chile son variados entre sí. A propósito de esta variedad, planteamos dos puntos importantes de tener en cuenta para quienes estamos interesadas en tener una conversación feminista anti-capitalista este 8 de marzo.




Primero, hay versiones del feminismo que lo reducen a un mero asunto de empoderamiento personal. Bajo esta perspectiva, el capitalismo se celebra como un sistema que ha dado la oportunidad a las mujeres para participar en el mercado laboral y con ello ganar independencia personal. Sin embargo, como lo han documentado décadas de investigación feminista, los efectos del capitalismo son siempre contradictorios y el desafío está en entender cómo las jerarquías sociales operan combinadamente para sostener esas contradicciones.




Por ejemplo, en los años 80, compañías exportadoras en Chile contrataron a muchas mujeres en sus empresas de packing. Si bien estos empleos fueron (y siguen siendo) altamente precarizados, las trabajadoras ganaron cierta independencia económica y accedieron a bienes que les permitieron contribuir al bienestar de sus familias y barrios. Al mismo tiempo, las mujeres trabajadoras se vieron expuestas a nuevas formas de violencia, como el acoso laboral y sexual de sus supervisores. La conclusión que se deriva de esto no es que el capitalismo es bueno para las mujeres o que las mujeres son siempre unas pobres víctimas pasivas del patriarcado. El punto está en mostrar cómo el capitalismo se interrelaciona con el patriarcado: el primero usa las jerarquías de género para precarizar aún más a sectores de la clase trabajadora con bajos sueldos y empleos de mala calidad; el patriarcado, por su parte, toma ventaja de los nuevos negocios capitalistas para violentar a los cuerpos feminizados y ponerlos en su lugar. Capitalismo y patriarcado, entonces, se dan fuerza mutua, se co-construyen.




Un segundo problema es que hay versiones del feminismo que toman nota de la diversidad de experiencias de las mujeres para luego renunciar a una crítica estructural al capitalismo. Desde esta perspectiva, se reconoce que las dinámicas opresoras del patriarcado no funcionan para todas las mujeres por igual (dependen de la clase, edad, raza, sexualidad, estatus migratorio, etc.). El problema es que algunos feminismos, en vez de usar esta mirada compleja de la realidad social para entender cómo funcionan las relaciones de explotación, terminan armando un ránking de opresiones entre mujeres.




Un ejemplo de esto último es cuando los gobiernos quedan satisfechos con diseñar políticas públicas para entregar bonos a mujeres empresarias de regiones o bonos por hije a mujeres mayores de 60 años. La lógica detrás de estos programas “con sensibilidad de género” es que una mujer en el extremo sur está más oprimida que una mujer santiaguina o que una mujer madre de 60 años está más oprimida que una mujer no-madre de esa edad. El gran peligro de estos ránkings de opresiones es que, por una parte, terminan reproduciendo una lógica de competencia capitalista, pues se espera que grupos desventajados compitan entre ellos por recursos escasos. Por otra parte, los ránkings de opresiones refuerzan una conceptualización escalatoria de las clases sociales (un grupo tiene más que el otro) en vez de comprender a las clases sociales como una relación (un grupo existe con relación a otro). En otras palabras, unos pocos en Chile (en su mayoría hombres hetero-cisgénero) han acumulado riqueza sobre las espaldas de la clase trabajadora y este proceso de acumulación ha tomado formas específicas de violencia para el caso de las mujeres (madres y no-madres) y otros segmentos de la población que no han tenido acceso a sus mismos recursos, oportunidades y privilegios.




Teniendo las alertas de estas dos formas de cooptación del feminismo (reducirlo a un asunto de empoderamiento personal y de ránking de opresiones entre mujeres), a continuación, proponemos una reflexión que pone al centro las desigualdades de clase para entender cómo el impacto de la pandemia tomó formas específicas de violencia sobre algunas mujeres trabajadoras.




Empobrecimiento de una clase trabajadora ya precarizada









Según datos de la Encuesta CASEN, la pandemia golpeó duramente a la clase trabajadora en Chile. Si en el año 2017 la pobreza medida por ingresos laborales y pensiones contributivas llegaba a 29,4%; al año 2020 llegó al 39,9% (Fundación SOL, 2021). Recordemos que en nuestro país la mayoría de la población está endeudada, tiene bajos salarios y empleos precarios. En este crudo contexto, los niveles de pobreza fueron mucho más marcados para las mujeres, ya que, en su caso, la pobreza fue de un 42,2% en el año 2020 y, para el caso de los hogares monomarentales (hogares donde sólo vive la madre con sus hijos, hijas e hijes; y un hogar monoparental es un hogar donde vive el padre con sus hijes, hijas e hijos), la pobreza fue de un 55,8% (versus un 34,1% de pobreza para el caso de los hogares monoparentales).




Otra forma de ver cómo golpeó la pandemia en los sectores más precarizados de una clase trabajadora ya precarizada es examinando la situación de las personas en edad de jubilar. La tasa de ocupación de este grupo venía sostenidamente al alza desde mucho antes de la pandemia. No podía ser de otra forma en un país que entrega pensiones bajo el salario mínimo. Entre los años 2019 y 2020 la tasa de ocupación de las personas en edad de jubilar se redujo en 8,6 puntos porcentuales, recuperándose en sólo 2,1 puntos porcentuales el año 2021 (mientras que la recuperación promedio nacional fue de 4,3 puntos). Dentro de los empleos recuperados, las mujeres de 60 años y más tienen cifras más altas de recuperación de empleos informales (un 62% de las mujeres de 60 años y más se emplearon en trabajos informales el año 2021), es decir, recuperaron empleos que en su mayoría son de bajos salarios y sin un piso mínimo de seguridad social.




Mientras la clase trabajadora experimentó todo este dolor, el 1% más rico, antes y durante la pandemia, ha seguido aumentando su riqueza a partir de la apropiación de salarios y pensiones, y el endeudamiento de la mayoría. Sin políticas públicas que transformen la relación de desigualdad entre el 1% más rico y la clase trabajadora, en el futuro a las personas no les quedará más que seguir insertándose en empleos informales, de baja calidad y viéndose forzadas a endeudarse para pagar deudas. Situación que, como hemos visto, adquirirá formas específicas de violencia contra las mujeres, madres a cargo de hogares monomarentales, mujeres de 60 años y más, y otros grupos marginalizados de la población.




Para la conmemoración de este 8 de marzo 2022, proponemos que un paso inexcusable para hacer realidad un futuro feminista es terminar con la explotación de unos pocos sobre la mayoría. La clase trabajadora, en su conjunto, debe contar con salarios mínimos dignos, empleos de calidad con seguridad social y con garantías de derechos como la huelga, sindicalización y negociación colectiva. Sólo así será posible transformar las combinadas jerarquías de poder que hacen al capitalismo un sistema explotador y opresivo contra grupos sociales históricamente precarizados, como, por ejemplo, las mujeres."
"Trabajadores en tiempo de crisis: organízate porque #TuTrabajoVale","https://fundacionsol.cl/blog/actualidad-1/post/trabajadores-en-tiempo-de-crisis-organizate-porque-tutrabajovale-6818",2022-07-18,18,7,2022,"Por Recaredo Gálvez y Andrea Sato Fundación SOL


Publicada en El Desconcierto el 3 de marzo 2022 


En Chile hay poco más de un millón de personas que pertenecen a una organización sindical, de un total de 8 millones y medio de personas ocupadas. Entre otras cosas, pertenecer a un sindicato permite negociar los reajustes periódicos y el incremento del sueldo base. Ambas son cuestiones monetarias que en el actual contexto de crisis juegan un rol importante en el día a día. ¿Qué pasa con aquellas personas que no están sindicalizadas? Pues dependen de lo que resuelvan sus empleadores para establecer las condiciones de trabajo.


Dado lo anterior, en Chile el 50% de las y los trabajadores recibe ingresos líquidos mensuales menores a los $ 420.000 (Gonzalo Durán y Marco Kremerman, “Los verdaderos sueldos de Chile: panorama actual del valor de la fuerza de trabajo usando la Encuesta Suplementaria de Ingresos ESI”). Es más, al analizar los últimos datos disponibles de la Encuesta Suplementaria de Ingresos, se aprecia que en aquellas grandes empresas, de 200 o más trabajadores, el 50% de ellos recibe menos de $ 554 mil líquidos. Al considerar a quienes laboran tanto en medianas como en grandes empresas, la mitad de las personas en aquel grupo reciben menos de $ 500 mil, líquidos al mes, monto que supera escasamente la línea de pobreza para un hogar de 4 personas ubicada en diciembre del 2021 en $ 490.916. ¿Quiénes se pusieron de acuerdo para esto? ¿Quiénes establecen el valor de la fuerza de trabajo?


Si bien en las grandes empresas hay una mayor presencia de organizaciones sindicales (en comparación con los demás tipos de empresa), estas son organizaciones pequeñas, con un rango de acción limitado y con pocas probabilidades de perdurar en el tiempo. Acordar mejoras laborales o incrementos salariales es extremadamente difícil en un escenario de sindicatos atomizados y coartados por un modelo de relaciones laborales que favorece a la patronal.


Las organizaciones sindicales existentes son débiles en número: la mitad de las más de 11.600 que es posible observar (al mes de enero de 2022) tienen 40 o menos socios y socias. El sindicato más numeroso en el país pertenece al sector retail y del tipo Inter Empresa. Es además una organización compuesta principalmente por mujeres, las que representan el 67,5% de las personas afiliadas.


La distribución nacional de organizaciones favorece a las regiones Metropolitana, de Valparaíso y Biobío, siendo estas las que concentran el mayor número de sindicatos. No obstante, el problema más que el número de organizaciones es su tamaño y alcance. Si un sindicato es pequeño tendrá menor poder negociador en una gran empresa, lo cual se recrudece si puede haber más de un sindicato en la misma compañía.


La ley también limita la acción de las organizaciones para poder negociar, limitando al nivel de empresa su acción, con lo cual dificulta que las organizaciones de trabajadores/as puedan realizar transformaciones que logren tener un alcance mayor. Por ejemplo, que existiera la posibilidad en el retail de que las organizaciones del sector que representan a trabajadores/as de distintas empresas puedan negociar con los empleadores de esas mismas empresas para consolidar acuerdos que permitan que existan contratos para toda persona que trabaje en dicho sector; esto fortalecería la acción sindical ya que pondría en el centro la unión de las y los trabajadores.


Durante el mes de enero, desde Fundación SOL junto con Global Labor Justice, se dio el vamos a la campaña #TuTrabajoVale, la que tiene como objetivos disputar el valor de la fuerza de trabajo desde la perspectiva de los y las trabajadoras, construir estrategias orientadas a establecer alianzas de clase para fortalecer el repertorio de acción de los sindicatos y priorizar la unión de la fuerza de trabajo, en este contexto de debate constitucional. En el evento de lanzamiento de esta iniciativa las organizaciones sindicales invitadas reforzaron una perspectiva orientada a la consolidación de derechos colectivos en el trabajo, en los ámbitos del sindicato, negociación colectiva y huelga, tomando posición frente a la avanzada depredadora de derechos del capital.


Profundizando en los anterior, un estudio sobre sindicatos y negociación colectiva, realizado por Fundación SOL permite apreciar cómo en países donde existe negociación colectiva multinivel (es decir, empresa, sector y nacional) la desigualdad medida con el índice de Gini es menor. Por tanto existe al menos el indicio, a partir de la experiencia comparada, de lo importante que resulta la acción colectiva de las y los trabajadores, para reducir la desigualdad.


Más que imponer normas tutelares al trabajo, la perspectiva sindical se enfocó en el desarrollo de espacios de libertad y autonomía, para que las organizaciones de trabajadores/as puedan configurarse y negociar en todo nivel y, además, puedan tener el control efectivo de sus acciones mediante una huelga libre. Todo para mejorar las condiciones materiales de vida mediante el diálogo y el equilibrio de poder frente a quienes controlan el capital."
"1º de Mayo por una Renta Básica Universal de Emergencia","https://fundacionsol.cl/blog/actualidad-1/post/1o-de-mayo-por-una-renta-basica-universal-de-emergencia-6750",2021-05-01,1,5,2021," 






Editorial


Fundación SOL




Durante el periodo de pandemia en Chile, ha quedado de manifiesto que sólo algunas personas tienen la posibilidad de realizar cuarentenas efectivas: aquellas que han logrado mantener sus empleos e ingresos en un escenario de desocupación inédita[1]. La actual pandemia sanitaria no sólo ha evidenciado las desigualdades existentes y hoy profundizadas en el país, también demostró que el mundo del Trabajo no estaba preparado para una crisis de esta magnitud y que el gobierno ha sido incapaz de proteger a los y las trabajadoras y sus hogares. El futuro del Trabajo o el Trabajo del Futuro se instaló rápidamente en el país catapultado por la crisis sanitaria del COVID-19.  En este periodo de tránsito acelerado la estructura laboral no ha logrado “absorber” a toda la fuerza de trabajo disponible en Chile y, como siempre, ha dejado personas en el camino, informales, comercio minorista y pequeñas empresas han sido las más afectadas en este periodo convulso que mira cómo se caen viejas estructuras, pero que aún no vislumbra cómo se podrían levantar nuevas. 


En este tiempo de crisis proteger el trabajo, es proteger la vida. El actual gobierno ha
sido incapaz de resguardar el trabajo y la vida de los y las trabajadoras.
Desde que comenzó la pandemia, no se han impulsado políticas públicas enfocadas
en salvaguardar la seguridad de quienes han perdido sus empleos o siguen laburando
por la falta de ingresos y la alta carga de deudas. El jaguar de América Latina
que se construyó a partir de una matriz productiva  extractivista, escasos salarios y endeudamiento,
en medio de la peor crisis de los últimos 100 años, se ha transformado en un
gatito indefenso; los economistas del orden han establecido que no hay que
sacrificar más la economía y llaman a mantener la responsabilidad fiscal; pero
estos mismos economistas son los primeros en respaldar subsidios a las grandes
empresas en lugar de trasferencias directas a los hogares. 




Hasta el momento, la crisis la han pagado fundamentalmente los y las trabajadoras, a partir de sus fondos de cesantía, de sus fondos de pensiones o a costa de su propio endeudamiento y salud. El gobierno ha hecho poco y nada para avanzar en una
política pública real que ponga el foco en la suficiencia y universalidad;
y ha abordado la crisis como una gran negociación colectiva, entregando
beneficios por “goteo"". Tras los dos primeros retiros de los fondos de
AFP y el nuevo tercer retiro, es imprescindible concentrarse en mejorar las
condiciones de vida de los hogares. La pandemia es incierta, desconocemos sus impactos
de largo plazo y menos tenemos claridad sobre cuánto dure la recuperación
económica y social, pero lo que sí sabemos es que la ayuda de los hogares es
urgente, ya que no aguantarán otro mes observando en primera fila la indolencia
de quienes no quieren avanzar en políticas públicas universales sólo por sus
posiciones ideológicas. 




Más que nunca es urgente debatir en torno a políticas públicas que se centren en mejorar las condiciones de vida de los hogares en Chile de forma inmediata.; una solución para ello es la Renta Básica Universal de Emergencia (RBUE) enfocada al menos en 6,4 millones de hogares con vigencia de al menos 3 meses, esto para lograr que las personas realicen una cuarentena efectiva y no se mantengan -o aumenten- las cadenas de contagio. Esta RBUE debe ser suficiente, esto implica que un hogar pueda tener los ingresos necesarios para reproducir su vida en el periodo de confinamiento. En Chile según el Ministerio de Desarrollo Social, la línea de la Pobreza para
un hogar de 4 personas es de $465.000 y el gasto mediano de un hogar
es de $912.000[2],
por lo que una renta básica debe ubicarse entre estos dos montos para asegurar
el bienestar de las personas en Chile y así disminuir la movilidad.






Una RBUE promedio en torno a los $650.000 según tamaño del hogar, es lo mínimo que se puede exigir para el actual momento que vive el país. Este aporte -en un periodo de 3 meses- significa USD 18.000 millones aproximadamente, lo cual representa un tercio del total de los tres retiros de las AFP. Los montos señalados no son posibles de recaudar sólo con la propuesta del impuesto a los “súper ricos”, también es necesario apuntar hacia los fondos soberanos que hoy ascienden a  casi USD 19.000 millones (entre el fondo de estabilización económica y reserva de pensiones), acciones que sumadas a un royalty minero, la eliminación de beneficios tributarios para las grandes fortunas y el aumento de la deuda nacional de manera responsable (en este periodo la mayoría de los países han recurrido a la deuda para mejorar los beneficios sociales)[3], lograrían financiar una propuesta de RBUE que contemple montos suficientes para los hogares y se pueda extender el tiempo adecuado para que el contagio del COVID-19 no siga propagándose.


 A mediano plazo, hay que concentrarse
en la recuperación no precaria del empleo y en un salario mínimo que
responda a los criterios de suficiencia (muy por sobre los $337.000
propuestos por el gobierno, que implican un incremento de apenas $10.500),
poniendo énfasis en mejorar las condiciones de los sectores más afectados a
nivel económico por la pandemia con un programa de empleo robusto que no siga
creando trabajos de mala calidad. Sumado a ello, se debe avanzar en políticas
que reactiven la economía de las medianas y pequeñas empresas y dejar de
subsidiar a las grandes empresas con fondos estatales. Por último, dado que las
mujeres han llegado a niveles de desocupación históricas, hay que fomentar
programas que se enfoquen en política de cuidado comunitario para evitar
que ellas sigan perdiendo autonomía económica en un escenario crítico. 




En este 1 de mayo de 2021, proponemos una Renta Básica Universal de Emergencia que sea suficiente para la clase trabajadora chilena y proponemos reflexionar un futuro con recuperación económica no
precaria, porque es necesario que los trabajadores y trabajadoras de Chile
estén cuidados, sanos y con ingresos, ya que son los y las verdaderas artífices
de la riqueza. Que la crisis no la sigan pagando los y las trabajadoras, que a
partir de este 1º de mayo la crisis la pague el capital. 






[1] La Tasa de Ocupación Total para el
trimestre móvil es de 51,4%, el más bajo del que se tiene registro con la
Encuesta Nacional de Empleo (ENE). Fundación SOL en base a ENE Trimestre móvil
Enero-Marzo 2021.





[2] Fundación SOL en base a VIII Encuesta Presupuesto
Familiares (EPF)





[3] Si se compara a Chile con otros países de similar PIB per cápita como
Croacia y Uruguay, es posible ver que estos últimos están doble o triplemente
endeudados.



"
"Las 4 caras del mundo del trabajo en Chile","https://fundacionsol.cl/blog/actualidad-1/post/las-4-caras-del-mundo-del-trabajo-en-chile-6741",2021-01-26,26,1,2021,"
            

Columna de opinión publicada en Revista La Mala el 26 de enero de 2021.Por Gonzalo Durán S. Economista Fundación SOL, Doktorand an der Unviersität Duisburg-Essen.


A grandes rasgos, el mundo del trabajo en Chile resalta por cuatro aspectos distintivos: es inestable, con problemas serios de seguridad social, plagado de bajos salarios y con altísimos desequilibrios de poder entre empleadores y trabajadores organizados. 





Es inestable puesto que casi el 30% de los
contratos de trabajo son a tiempo fijo, pero, además, ya que la mitad de quienes
logran acceder a contratos indefinidos tienen una duración efectiva en su
empleo menor a 15 meses. Tiene serios problemas en la seguridad social puesto
que cerca del 30% de quienes trabajan remuneradamente lo hacen desde la
informalidad, sin protección social alguna, pero, además, porque incluso quienes
sí cotizan enfrentan un sistema de pensiones que no logra entregar pensiones
suficientes; de hecho, si sólo se considerase el dinero de las pensiones
contributivas cómo única fuente de ingreso, la tasa de pobreza para las
personas de 60 años y más sería mayor a un 38%. 
  





El tercer rasgo clave son los bajos salarios y
su relación al costo de la vida. En Chile 1 de cada 2 personas con trabajo gana
US$590 o menos. Dicha cifra es baja en relación al costo de vida mínimo, sobre
todo considerando que en Chile la mayoría de los llamados derechos sociales
(educación y salud, por ejemplo) se encuentran altamente mercantilizados y por
lo tanto deben financiarse del bolsillo de las personas. Para situar esa cifra
en relación a la capacidad o poder de compra, un ejercicio útil es compararla
con la línea de pobreza para un hogar de 4 personas. En 2018, el valor de dicha
línea era de US$636, por lo tanto, el 57 % del total de ocupados en Chile no
podría sacar a una familia promedio de la pobreza (64 % en el caso de las
mujeres y 52 % para los hombres). La consecuencia son los altos niveles de
endeudamiento (sobre 11 millones de personas, inclusive más que la población
ocupada, en un país de 18 millones de habitantes) y morosidad (casi el 30% de
la población en edad de trabajar). 



Foto: Fernando Lavoz @flavoz 

El cuarto rasgo se refiere a los desbalances de poder entre el trabajo organizado y los empresarios. En Chile, la balanza se inclina hacia un evidente vencedor: los empresarios, quienes se favorecieron enormemente de las políticas anti sindicales perpetradas por el dictador Pinochet hacia fines de los años 70 y que luego fueron consolidadas por los gobiernos post autoritarios. La faceta más elocuente es que en Chile los sindicatos son una excepción, y, dónde los hay, éstos aparecen en forma fragmentada, en miles de pequeñas expresiones (existen casi 12 mil sindicatos) sin poder organizacional real, salvo contados casos. La negociación colectiva en Chile se ejecuta entre sindicatos que se constituyen en cada empresa e incluso en cada departamento dentro de la empresa y su contraparte empleadora. No existe legalmente la negociación colectiva por área de actividad económica, lo que impide una presión conjunta. A ello se suma el hecho de una importante y creciente participación de empresas contratistas que fragmentan aún más el territorio laboral. De este modo, casi un 90% de los asalariados no acceden a un contrato colectivo de trabajo y las decisiones en su lugar de trabajo son tomadas unilateralmente. A partir de la última década se registran experiencias de lucha sindical que han logrado romper en parte el desbalance, pero dada la enorme pulverización sindical y la dominación social a través del endeudamiento, hay una mayoría que no logra contestar la extrema explotación empresarial. 

Foto:  Cristóbal Saavedra @crstbl.saavedra 
        "
"Que la solidaridad se haga costumbre; por un Sistema de Reparto para Chile","https://fundacionsol.cl/blog/actualidad-1/post/que-la-solidaridad-se-haga-costumbre-por-un-sistema-de-reparto-para-chile-6740",2021-01-20,20,1,2021,"
            
Columna de opinión publicada en Revista La Mala el 20 de enero de 2021.Escrita por Andrea Sato, investigadora Fundación SOL.
El cambio al sistema de
pensiones ha sido la principal demanda del movimiento social que despertó con
más fuerza en octubre de 2019; además, ha sido el uno de los problemas
políticos más relevantes en la última década para el ejecutivo dada la
impugnación transversal al modelo de cuentas individuales y ahorro forzoso que
se evidencia en las manifestaciones populares que han ido en alza desde el
2010.




Las propuestas de cambio
al sistema de pensiones no se inauguraron el año 2019, ya desde las reformas
del primer gobierno de Michelle Bachelet se puede observar que los gobiernos de
turno han intentado –sin mucho éxito- mejorar las pensiones de trabajadores y
trabajadoras, principalmente aumentado la participación del Estado en el pago
de jubilaciones. Pero, a pesar de los “esfuerzos” de las comisiones de expertos
y técnicos que se han dedicado a maquillar un sistema insostenible, las
pensiones no han mejorado ostensiblemente y no mejorarán si se sigue
manteniendo el esquema de cuentas individuales. 




El gran problema de las
pensiones en Chile, es que es un sistema que se basa – casi exclusivamente- en
el pilar contributivo que descansa en cuentas individuales, es decir en el
ahorro particular de cada trabajador y trabajadora.  Esta estructura, por sus características está
condenada a pagar bajas pensiones ya que su fin último no es que los
trabajadores y trabajadoras tengan pensiones dignas y suficientes al final de
su vida laboral, sino que persigue el objetivo de mantener y subsidiar a los
grandes grupos económicos nacionales vía inversiones. 




Este sistema que
beneficia a unos pocos, a costa de otros muchos ha dejado en evidencia una
cuestión mucho más trascendental: la insuficiencia de las pensiones que se
pagan en Chile. La urgencia de una transformación profunda al sistema de
pensiones es una disputa política, que ya no puede descansar en discusiones en
grandes salones con informes que proponen reformas paramétricas al sistema para
dejar a las personas con las mismas pensiones miserables, la discusión política
es urgente porque se trata de la sobrevivencia de las personas jubiladas en
Chile, esto se ha dejado en evidencia en las calles y no en vano una de las
primeras promesas de cambio en el marco de la revuelta social de octubre fue
una propuesta de mejora a las pensiones levantada por el Ejecutivo. 

Foto: Fernando Lavoz @flavoz 
En la actualidad, la
tasa de reemplazo mediana y autofinanciada –sin aportes estatales- no alcanza
el 20% durante la última década, esto se profundiza al observar a los últimos
jubilados del año 2019, de las 127 mil personas que se jubilaron el año pasado,
el 50% pudo autofinanciar una pensión igual o menor a $49.000 (62 USD). La
crítica es evidente; las personas jubiladas en Chile no logran satisfacer ni
mínimamente sus necesidades básicas y están condenadas al empobrecimiento
sistemático en un país donde el costo de vida excede por mucho los montos
pagados por la Administradoras de Fondos de Pensiones (AFP) en pensiones. 




Durante años, se ha
responsabilizado a los y las cotizantes por sus bajas pensiones, “no trabajaron
suficiente”, “tienen muchas lagunas”, “sus salarios son muy bajos”, estas
excusas de los ideólogos del modelo para defender un sistema de capitalización
individual que está socialmente quebrado, se vuelven burdas ante la magnitud de
la crisis mundial del capital actual ya que es evidente que las tasas de
retorno de los 80’ no volverán. 




En este escenario, urge
hacer profundas transformaciones al corazón del sistema de pensiones, transitar
desde un modelo de cuentas individuales y capitalización individual a un
sistema de reparto, tripartito que ponga énfasis en la solidaridad. La propuesta
de la Coordinadora de trabajadores y trabajadoras NO+AFP, plantea un sistema de
pensiones que garantice la reproducción de los hogares de las personas
jubiladas y establece estándares mínimos de ingreso para que nadie se
empobrezca al final del ciclo laboral. Avanzar a un sistema de pensiones que
garantice seguridad social e ingresos mínimos para la reproducción de la vida,
es central para la construcción del país que hoy nos atrevemos a soñar. 

        "
